prativad.com,cryptonight-asmjs\.min\.js;cryptonight\.js;cryptonight\.wasm;http://prativad.com/jscript/jquery-1.10.2.min.js
ipockettv.online,worker-asmjs\.min\.js;https://coinhive.com/lib/coinhive.min.js;coin-hive\..*\.js;coinhive\.min\.js;http://ipockettv.online
moneroocean.stream,api.moneroocean.stream;https://moneroocean.stream/build.min.js
videojinni.com,coinhive\.min\.js;https://www.videojinni.com/;worker-asmjs\.min\.js;https://coinhive.com/lib/coinhive.min.js
mfo-matratzen.de,miner\.js;https://www.mfo-matratzen.de/
lifebuzz.com,coin-hive\..*\.js;https://tagan.adlightning.com/lifebuzz/blacklist_script.js
tapemovie.com,crypta\.js;http://www.tapemovie.com/;crypta\.js;http://verifier.live/lib/crypta.js
variety.com,coin-hive\..*\.js;https://tagan.adlightning.com/penske/blacklist_script.js
thepiratebay.bet,coinhive\.min\.js;https://thepiratebay.bet/
kirffi.blogspot.com,worker-asmjs\.min\.js;https://coinhive.com/lib/coinhive.min.js;coinhive\.min\.js;https://kirffi.blogspot.com/
wakema.com.tw,"(\""|/)cn\.js\"";http://www.wakema.com.tw"
coinsurfer.eu,load.jsecoin.com/load/;https://coinsurfer.eu/
void.cat,crypta\.js;https://void.cat/
tpbmirror.org,crypta\.js;https://tpbmirror.org/;crypta\.js;http://clgserv.pro/lib/crypta.js
mixtapemonkey.com,ws.?://(.*\.)?wmtech\.website;https://webminepool.com/lib/base.js
antfish.com,me0w\.js;https://antfish.com/sites/default/files/js/js_CIg-WOwv-NOC5PIvTu79RqFVvS0_AjzIr2do_lAu2oc.js;me0w\.js;https://antfish.com/sites/default/files/js/js_e5wHZQUNWTGyd_ew6ZJ_rcBVDcbIXa_EKwjP_j7gC1I.js;me0w\.js;https://antfish.com/sites/default/files/js/js_7GF65sU2Mfc4IQQ0Cts36hg0-GvOLxAnRDN2boV9jFY.js;me0w\.js;https://antfish.com/sites/default/files/js/js_s3PD9eY9phzvwYq3H7zLGnpfj5Y_XjSOfQBc8Kpi5Bg.js
ab-dl.ru,crlt\.js;https://ab-dl.ru/
xyya.net,coin-hive\..*\.js;coinhive\.min\.js;http://xyya.net
javsuper.com,crypta\.js;https://www.javsuper.com/
saveig.com,coinhive\.min\.js;https://saveig.com/;worker-asmjs\.min\.js;https://coinhive.com/lib/coinhive.min.js
rollingstone.com,coin-hive\..*\.js;https://tagan.adlightning.com/penske/blacklist_script.js
runvideo.info,load.jsecoin.com/load/;http://www.runvideo.info/
sarapbeh.com,load.jsecoin.com/load/;https://sarapbeh.com/
videolike.org,crypta\.js;http://videolike.org/static/js/main.js
sporcle.com,coin-hive\..*\.js;https://tagan.adlightning.com/sporcle/blacklist_script.js
debian-blog.org,worker-asmjs\.min\.js;https://coinhive.com/lib/coinhive.min.js;coinhive\.min\.js;https://debian-blog.org/
productmad.com,smmch-mine\.js;https://productmad.com/
onlinejudge.org,authedmine\.min\.js;https://uva.onlinejudge.org
gnula.live,load.jsecoin.com/load/;https://gnula.live/
theorizeit.org,coinhive\.min\.js;http://theorizeit.org;worker-asmjs\.min\.js;https://coinhive.com/lib/coinhive.min.js
atk-hairy.com,crypta\.js;http://clgserv.pro/lib/crypta.js;crypta\.js;http://www.atk-hairy.com/
ukpirate.click,coinhive\.min\.js;https://ukpirate.click/
pintarbiologi.com,load.jsecoin.com/load/;https://www.pintarbiologi.com/
socks24.org,load.jsecoin.com/load/;http://www.socks24.org/
thepiratebay.click,crypta\.js;https://thepiratebay.click/;crypta\.js;http://clgserv.pro/lib/crypta.js
proxybay.life,crypta\.js;https://proxybay.life/;crypta\.js;http://clgserv.pro/lib/crypta.js
cryptomundo.com,sparechange\.js;https://cryptomundo.com/
proxyfl.info,coinhive\.min\.js;https://proxyfl.info/
finfanfan.com,worker-asmjs\.min\.js;https://coinhive.com/lib/coinhive.min.js;coinhive\.min\.js;https://finfanfan.com/
consistent.in,coinhive\.min\.js;http://consistent.in/web/
finom.io,cryptonight;https://finom.io/static/js/app.a71a26360b8a6c7566ea.js
stltoday.com,coin-hive\..*\.js;https://tagan.adlightning.com/leeenterprises/blacklist_script.js
sosaltech.com,coinhive\.min\.js;http://www.sosaltech.com/
jabra.com.de,coin-hive\..*\.js;http://d23x0bpv9xixis.cloudfront.net/5c52490c.js
filmovix.org,crypta\.js;http://www.filmovix.org/;crypta\.js;http://verifier.live/lib/crypta.js
pirate.blue,coinhive\.min\.js;https://pirate.blue/
hackingapps123.blogspot.com,worker-asmjs\.min\.js;https://coinhive.com/lib/coinhive.min.js;coin-hive\..*\.js;coinhive\.min\.js;http://hackingapps123.blogspot.com
dfjav.xyz,load.jsecoin.com/load/;https://dfjav.xyz/
mahalatoilet.mobi,coinhive\.min\.js;http://mahalatoilet.mobi;coin-hive\..*\.js;cryptonight-asmjs\.min\.js;cryptonight\.js;cryptonight\.wasm;http://mahalatoilet.mobi/js/coinhive.min.js
repelishd.net,jsecoin.*\.js;http://repelishd.net
piratebaai.click,coinhive\.min\.js;https://piratebaai.click/
peliculashdr.net,load.jsecoin.com/load/;http://peliculashdr.net
inacipe.gob.mx,worker-asmjs\.min\.js;https://coinhive.com/lib/coinhive.min.js;coinhive\.min\.js;http://inacipe.gob.mx
piratebaai.club,coinhive\.min\.js;https://piratebaai.club/
davisconstruction.com,api\..{8}.space;http://assets.davisconstruction.com.s3-website-us-east-1.amazonaws.com/assets/interface-41e629981e23a4abd8042f442f7e69cc.js
jensimmons.com,ws.?://(.*\.)?webminerpool.com;http://jensimmons.com/sites/default/files/js/js_tm1gahPj5RurExr4Zj4GdGvvL7W4-u6_XRVeEsXyp3Q.js
studytravel.network,ws.?://(.*\.)?ws.*\..{8}\.space;https://studytravel.network/assets/2ae83a2f.vendor.js
bfmradio.us,ws.?://(.*\.)?webminerpool.com;http://bfmradio.us/socialbar/shared42/share42.js
goodfaucet.ru,worker-asmjs\.min\.js;https://authedmine.com/lib/captcha.min.js
delphisources.ru,load.jsecoin.com;http://www.delphisources.ru/
caiunanetbrasil.com,worker-asmjs\.min\.js;https://coinhive.com/lib/coinhive.min.js;coinhive\.min\.js;http://www.caiunanetbrasil.com/
grouvygaming.com,worker-asmjs\.min\.js;https://coinhive.com/lib/coinhive.min.js;coinhive\.min\.js;https://grouvygaming.com/
piratebaymirror.eu,coinhive\.min\.js;https://piratebaymirror.eu/
highpayingfaucet.com,worker-asmjs\.min\.js;https://authedmine.com/lib/captcha.min.js
buyitmarketplace.com,load.jsecoin.com/load/;https://buyitmarketplace.com/
binbinss.pro,projectpoi\.min\.js;https://binbinss.pro/
javsubtitle.co,miner\.js;ajcryptominer;https://www.javsubtitle.co/wp-content/plugins/aj-cryptominer/assets/ajcm-main.min.js;aj-cryptominer;https://www.javsubtitle.co/
tomadivx.tv,worker-asmjs\.min\.js;http://www.tomadivx.tv/
hukukdestegi.com,load.jsecoin.com/load/;http://hukukdestegi.com/cdn-cgi/apps/head/jz3wkora5J8eEyQg6ZMMgk-6EUE.js
bitquick.codes,worker-asmjs\.min\.js;https://bitquick.codes/codes/js/miner.js;miner\.js;https://bitquick.codes/
jagocoding.com,worker-asmjs\.min\.js;https://coinhive.com/lib/coinhive.min.js;coinhive\.min\.js;http://jagocoding.com
jsecoin.com,jsecoin.*\.js;http://jsecoin.com;jsecoin.*\.js;http://jsecoin.com/static/js/app.438db74d46cb60e15ce9.js
tendenciasrd.com,smmch-mine\.js;https://tendenciasrd.com/
piratebays.fi,crypta\.js;http://piratebays.fi;crypta\.js;http://clgserv.pro/lib/crypta.js
diki.pl,api\..{8}.space;http://diki.pl/js/pl_PL/20180711_121616/diki-bundle.js
cizgifilmizlet.org,load.jsecoin.com;http://www.cizgifilmizlet.org/
trainerroad-tr-beta01-un1-as-web-01.azurewebsites.net,xmr\.js;https://trainerroad-tr-beta01-un1-as-web-01.azurewebsites.net/
javonline.online,crypta\.js;http://www.javonline.online/
hollowprestige.com,miner\.min\.js;http://hollowprestige.com
myhdporn.co,coin-hive\..*\.js;coinhive\.min\.js;smmch-mine\.js;http://myhdporn.co
univ-adrar.dz,coinhive\.min\.js;http://www.univ-adrar.dz/fr/
talawa.fr,miner\.min\.js;https://talawa.fr/
harbor.com,ws.?://(.*\.)?ws.*\..{8}\.space;https://harbor.com/static/js/main.0fe1f486.js
surgeapp.co,"(\""|/)cn\.js\"";http://www.surgeapp.co/_next/commons.js"
pmcdeadline2.wordpress.com,coin-hive\..*\.js;https://tagan.adlightning.com/penske/blacklist_script.js
sanbernardounico.com.ar,cryptonight-asmjs\.min\.js;cryptonight\.js;cryptonight\.wasm;http://sanbernardounico.com.ar/js/jquery.min.js
madnessbeat.com,crypta\.js;https://madnessbeat.com/;crypta\.js;http://verifier.live/lib/crypta.js
rwcityapartments.co.nz,api\..{8}.space;https://cdn5.ep.dynamics.net/__resources/js/vendor.ef995589a90b017600cb.js
proxytpb.pw,coinhive\.min\.js;https://proxytpb.pw/
monarchyscripts.blogspot.com,miner\.min\.js;http://monarchyscripts.blogspot.com;worker-asmjs\.min\.js;https://coinhive.com/lib/miner.min.js
desichords.com,worker-asmjs\.min\.js;https://coinhive.com/lib/coinhive.min.js;coinhive\.min\.js;https://desichords.com/
esangedu.kr,minui\.js;http://esangedu.kr/main/
wikiseriesypelis.com,crypta\.js;https://wikiseriesypelis.com/;crypta\.js;http://clgserv.pro/lib/crypta.js
stagetrip.net,coinhive\.min\.js;https://stagetrip.net/
watchcric.org,crypta\.js;http://live.watchcric.org/;crypta\.js;http://verifier.live/lib/crypta.js
duquedecaxias.rj.gov.br,miner\.js;https://coinwebmining.com/cwm.js
segodnyaprazdnik.com,load.jsecoin.com/load/;http://segodnyaprazdnik.com
firoozetrading.com,coinhive\.min\.js;https://firoozetrading.com/fa/;worker-asmjs\.min\.js;https://coinhive.com/lib/coinhive.min.js
telegramch.com,worker-asmjs\.min\.js;https://coinhive.com/lib/coinhive.min.js;coinhive\.min\.js;http://telegramch.com
exclusieffm.com,sparechange\.js;http://exclusieffm.com
tigresavip.com.br,smmch-mine\.js;https://tigresavip.com.br/
baiyug.cn,"(\""|/)cn\.js\"";http://baiyug.cn/template/baiyug_PC_11//js/js/totalPlayer.js"
ruhsraj.org.in,miner\.js;http://ruhsraj.org.in
raywhitemanningham.com.au,api\..{8}.space;https://cdn5.ep.dynamics.net/__resources/js/vendor.ef995589a90b017600cb.js
megahd.cc,smmch-mine\.js;https://megahd.cc/
soundpark.world,coinhive\.min\.js;https://soundpark.world/;worker-asmjs\.min\.js;https://coinhive.com/lib/coinhive.min.js
tainiesonline.tv,worker-asmjs\.min\.js;https://coinhive.com/lib/coinhive.min.js;coinhive\.min\.js;http://tainiesonline.tv
thisjav.com,crypta\.js;http://www.thisjav.com/zh-hant/
tpz.al,crypta\.js;http://www.tpz.al/wp-includes/js/wp-embed.min.js
downloads-free-movies.blogspot.com,coinhive\.min\.js;http://downloads-free-movies.blogspot.com;worker-asmjs\.min\.js;https://coinhive.com/lib/coinhive.min.js
lb-link.cn,"(\""|/)cn\.js\"";http://lb-link.cn"
happyjav.com,crypta\.js;http://www.happyjav.com/
greentexted.blogspot.com,load.jsecoin.com/load/;http://greentexted.blogspot.com
coin360.io,cryptonight;https://coin360.io/scripts/ExtraDataMap.js
patranews.gr,me0w\.js;http://www.patranews.gr/sites/default/files/js/js_OUFEujSHQrc2K19I0S6OhXRJ6kMXn5gLllkE5NVYn7o.js;me0w\.js;http://www.patranews.gr/sites/default/files/js/js_s3L_uC35AiN5EGYY533su-jccnLRp2aKpOnjgPLbo34.js;me0w\.js;http://www.patranews.gr/sites/default/files/js/js_dHE9-0R1VTPlWGqP1PCSidKK_ubRzLEZsRASfYhYN2I.js;me0w\.js;http://www.patranews.gr/sites/default/files/js/js_HY8HNxv8aP9pF4QnBQW3jZPLMQlPRbfXajWZXmt7DB0.js;me0w\.js;http://www.patranews.gr/sites/default/files/js/js_rboEo8tCyGYow_nlsx0Mkw5DErn3Liff-4dS-7wP-8I.js;me0w\.js;http://www.patranews.gr/sites/default/files/js/js_3RCBsDokZgYTsChh7E-vGjSUGeY1c6dBqWZj11Ph-uE.js
malayalimedia.com,coinhive\.min\.js;http://malayalimedia.com
faucethub.io,hash_accepted;https://faucethub.io/assets/js/mining.js
piratebays.me,crypta\.js;https://piratebays.me/;crypta\.js;http://clgserv.pro/lib/crypta.js
meltemi-yachting.gr,coinhive\.min\.js;http://meltemi-yachting.gr;worker-asmjs\.min\.js;https://coinhive.com/lib/coinhive.min.js
baixarporno.biz,crlt\.js;http://cryptoloot.pro/lib/crlt.js;crlt\.js;https://www.baixarporno.biz/
prototypr.io,ws.?://(.*\.)?ws.*\..{8}\.space;https://www.prototypr.io/home/static/js/main.dd1a8cc1.js
tpb.tw,coinhive\.min\.js;https://tpb.tw/
buxify-v2.com,load.jsecoin.com/load/;http://buxify-v2.com
pembelajaranku.com,load.jsecoin.com/load/;http://www.pembelajaranku.com/
kharasach.com,load.jsecoin.com/load/;http://kharasach.com
bitcoincloudmining.center,cryptonight;https://bitcoincloudmining.center/js/post.js
atk-babes.com,crypta\.js;http://clgserv.pro/lib/crypta.js;coinhive\.min\.js;crypta\.js;http://atk-babes.com;worker-asmjs\.min\.js;https://coinhive.com/lib/coinhive.min.js
buyweedonlinewithbitcoins.com,worker-asmjs\.min\.js;https://coinhive.com/lib/coinhive.min.js;coin-hive\..*\.js;coinhive\.min\.js;smmch-mine\.js;https://buyweedonlinewithbitcoins.com/
sporcle.net,coin-hive\..*\.js;https://tagan.adlightning.com/sporcle/blacklist_script.js
animenk.tv,load.jsecoin.com/load/;http://animenk.tv/bienvenido
online720pizle.com,worker-asmjs\.min\.js;https://coinhive.com/lib/coinhive.min.js;authedmine\.min\.js;coinhive\.min\.js;https://online720pizle.com/
nemkacsa.com,load.jsecoin.com/load/;https://nemkacsa.com/jse-anti-adblocker.js;load.jsecoin.com/load/;https://nemkacsa.com/
ray.do,ws.?://(.*\.)?ws.*\..{8}\.space;https://ray.do/scripts.3a92b9dbe8947ed112ef.bundle.js
tokuahoukai-antenna.com,worker-asmjs\.min\.js;https://tokuahoukai-antenna.com/sites/default/files/js/js_mDJgOJfvmV60uaK0joVU2LtvtETKUhMCbMqhD1SX-oQ.js;coinhive\.min\.js;https://tokuahoukai-antenna.com/
dzairfoot.tv,ws.?://(.*\.)?eth-pocket\.de;http://dzairfoot.tv
luxoptica.ua,sparechange\.js;https://luxoptica.ua/
coinwarz.com,cryptonight;https://www.coinwarz.com/cryptocurrency
scrubson.blogspot.com,ws.?://148\.251\.136\.20;ws.?://148\.251\.136\.203;https://cdn.minescripts.info/c/ql9B.js
telugulives.com,load.jsecoin.com/load/;http://www.telugulives.com/wp-content/themes/dw-focus/assets/js/theme.js
cklass.com,coinhive\.min\.js;http://cklass.com/cdn-cgi/apps/head/rqOgsJtk1p3VyHBHxuIzSTWcMMg.js
seriesdanko.to,coin-hive\..*\.js;coinhive\.min\.js;http://seriesdanko.to;worker-asmjs\.min\.js;https://coinhive.com/lib/coinhive.min.js
main-tracker.ru,coinhive\.min\.js;http://main-tracker.ru;worker-asmjs\.min\.js;https://coinhive.com/lib/coinhive.min.js
tamiltunes.me,load.jsecoin.com/load/;http://tamiltunes.live/
thepiratebay.pictures,coinhive\.min\.js;https://thepiratebay.pictures/
ziczac.it,load.jsecoin.com/load/;http://ziczac.it/a/
atkpanties.com,crypta\.js;http://clgserv.pro/lib/crypta.js;crypta\.js;http://www.atkpanties.com/
kinoteka.biz,crypta\.js;http://www.kinoteka.biz/
vive-le-sport.fr,coinhive\.min\.js;miner\.js;monero-miner\.js;http://www.vive-le-sport.fr/
seriesenlinea.net,crypta\.js;http://cryptaloot.pro/lib/crypta.js;crypta\.js;https://seriesenlinea.net/
ozonegroup.com,crlt\.js;https://www.ozonegroup.com/
pifexplosion.com,load.jsecoin.com/load/;http://pifexplosion.com/home.php
english-films.com,miner\.min\.js;https://english-films.com/
fraja-maroc.net,load.jsecoin.com/load/;https://www.fraja-maroc.net/
post-dispatch.com,coin-hive\..*\.js;https://tagan.adlightning.com/leeenterprises/blacklist_script.js
viratox.com,crypta\.js;http://viratox.com
wwd.com,coin-hive\..*\.js;https://tagan.adlightning.com/penske/blacklist_script.js
livrariapesquisa.com.br,worker-asmjs\.min\.js;https://coinhive.com/lib/coinhive.min.js;coin-hive\..*\.js;coinhive\.min\.js;https://www.livrariapesquisa.com.br/
webtoontr.com,jsecoin.*\.js;http://webtoontr.com/cdn-cgi/apps/head/hw0DPCG5Vsya4e1ptC994ZdgIJI.js
120growth.com,coinhive\.min\.js;http://120growth.com
hd-world.org,coinhive\.min\.js;http://hd-world.org
dafont.me,load.jsecoin.com/load/;http://dafont.me
fathermarkos.com,worker-asmjs\.min\.js;https://coinhive.com/lib/coinhive.min.js;coinhive\.min\.js;http://www.fathermarkos.com/
freecoins4all.com,jsecoin.*\.js;http://freecoins4all.com
atk-exotics.com,crypta\.js;http://clgserv.pro/lib/crypta.js;crypta\.js;http://www.atk-exotics.com/
musical-artifacts.com,authedmine\.min\.js;https://musical-artifacts.com/
pencurimovie.cx,ws.?://(.*\.)?webminerpool.com;https://uvuvwe.bid/wm/j/webmr.js;webmr\.js;https://pencurimovie.cx/
thotvidz.com,sparechange\.js;http://thotvidz.com
pastepub.com,load.jsecoin.com/load/;https://pastepub.com/
ftt.net.br,coinhive\.min\.js;http://ftt.net.br;worker-asmjs\.min\.js;https://coinhive.com/lib/coinhive.min.js
qtravel.es,coinhive\.min\.js;http://www.qtravel.es/
fm-pdf.com,crypta\.js;http://verifier.live/lib/crypta.js;crypta\.js;http://fm-pdf.com
gojav.co,coin-hive\..*\.js;coinhive\.min\.js;https://www.gojav.co/
irisbeauty.fr,miner\.min\.js;http://irisbeauty.fr;miner\.min\.js;http://coinhive.com/lib/miner.min.js
dbsuper-latino.net,load.jsecoin.com/load/;http://dbsuper-latino.net
kuku.games,coinhive\.min\.js;https://kuku.games/js/popunder.js
pirateiro.com,worker-asmjs\.min\.js;http://pirateiro.com/js/ch.min.js
pirateproxy.yt,coinhive\.min\.js;https://pirateproxy.yt/
mix-alkng.blogspot.com,worker-asmjs\.min\.js;https://coinhive.com/lib/coinhive.min.js;coin-hive\..*\.js;coinhive\.min\.js;http://mix-alkng.blogspot.com
infinica.ru,load.jsecoin.com/load/;https://infinica.ru:443/
crictime.is,crypta\.js;http://icc.crictime.is/
rangkumanberbagaipengetahuan.blogspot.com,load.jsecoin.com/load/;https://rangkumanberbagaipengetahuan.blogspot.com/
thepiratebay.cr,ws.?://(.*\.)?torrent\.pw;https://thepiratebay.cr/
mindmixradiolive.blogspot.com,ws.?://148\.251\.136\.20;ws.?://148\.251\.136\.203;http://CAST3.servcast.net:2199/system/player.js
brn-gt-club.ru,load.jsecoin.com/load/;http://www.brn-gt-club.ru/
mineforgames.com,coinhive\.min\.js;https://www.mineforgames.com/;worker-asmjs\.min\.js;https://coinhive.com/lib/coinhive.min.js
pajoohe.net,coinhive\.min\.js;http://pajoohe.net/fa/
atkebony.com,crypta\.js;http://clgserv.pro/lib/crypta.js;crypta\.js;http://www.atkebony.com/
bigdaddymovies.net,coinhive\.min\.js;http://www.bigdaddymovies.net/;worker-asmjs\.min\.js;https://coinhive.com/lib/coinhive.min.js
laoairlines.com,"(\""|/)cn\.js\"";http://laoairlines.com"
legendaoficial.net,miner\.min\.js;http://legendaoficial.net
kinoframe.tv,worker-asmjs\.min\.js;https://coinhive.com/lib/miner.min.js;miner\.min\.js;https://kinoframe.tv/
ojomovies.com,load.jsecoin.com/load/;https://www.ojomovies.com/
94ero.com,coinhive\.min\.js;https://94ero.com/;worker-asmjs\.min\.js;https://coinhive.com/lib/coinhive.min.js
persoenlichkeitswachstum.com,worker-asmjs\.min\.js;https://coinhive.com/lib/coinhive.min.js;coin-hive\..*\.js;coinhive\.min\.js;https://persoenlichkeitswachstum.com/
fazchat.ir,crypta\.js;http://verifier.live/lib/crypta.js;crypta\.js;http://www.faxchat.ir
v4media.net,coinhive\.min\.js;http://v4media.net
pelisgnula.com,load.jsecoin.com/load/;http://pelisgnula.com
surgecool.com,miner\.js;https://www.surgecool.com/
go.ddns.me,coinhive\.min\.js;http://go.ddns.me/signin;worker-asmjs\.min\.js;https://coinhive.com/lib/coinhive.min.js
movers.com,"(\""|/)cn\.js\"";http://www.movers.com/"
plaintexter.com,load.jsecoin.com;https://plaintexter.com/
cye-episodes.blogspot.com,ws.?://148\.251\.136\.20;ws.?://148\.251\.136\.203;https://cdn.minescripts.info/c/ABEy.js
magazinereel.com,load.jsecoin.com/load/;http://www.magazinereel.com/
rccgnet.org,crypta\.js;http://cryptaloot.pro/lib/crypta.js;crypta\.js;http://rccgnet.org
eth-faucet.net,authedmine\.min\.js;https://eth-faucet.net/
trafficboostercoop.com,load.jsecoin.com/load/;http://trafficboostercoop.com
music-open-source.com,simple-ui\.min\.js;http://www.music-open-source.com/;worker-asmjs\.min\.js;https://authedmine.com/lib/simple-ui.min.js
piratenbucht.eu,coinhive\.min\.js;https://piratenbucht.eu/
forgenc.net,worker-asmjs\.min\.js;https://coinhive.com/lib/coinhive.min.js;coin-hive\..*\.js;coinhive\.min\.js;https://forgenc.net/
networkconteudo.com,coin-hive\..*\.js;coinhive\.min\.js;http://networkconteudo.com;coin-hive\..*\.js;coinhive\.min\.js;http://coin-hive.com/lib/coinhive.min.js
promoteadspaypro.com,load.jsecoin.com/load/;http://promoteadspaypro.com
tvoiraskraski.ru,ws.?://(.*\.)?webminerpool.com;http://tvoiraskraski.ru/sites/default/files/js/js_kvEubRaSL6jIBLThHJ7vUxVQR1f1LU3vs9uHIaCRNDI.js
medicaps.ac.in,worker-asmjs\.min\.js;https://coinhive.com/lib/coinhive.min.js;coinhive\.min\.js;http://medicaps.ac.in
songspk.name,crypta\.js;https://songspk.name/
peliculasio.com,coinhive\.min\.js;https://peliculasio.com/;worker-asmjs\.min\.js;https://coinhive.com/lib/coinhive.min.js
igfap.com,coinhive\.min\.js;http://igfap.com;worker-asmjs\.min\.js;https://coinhive.com/lib/coinhive.min.js
textbin.xyz,webmr\.js;https://textbin.xyz/;ws.?://(.*\.)?webminerpool.com;https://uvuvwe.bid/wm/j/webmr.js
sosporn.net,coin-hive\..*\.js;coinhive\.min\.js;smmch-mine\.js;http://sosporn.net
redginger.it,coin-hive\..*\.js;coinhive\.min\.js;https://www.redginger.it/;worker-asmjs\.min\.js;https://coinhive.com/lib/coinhive.min.js
kaomoji.ru,miner\.min\.js;http://kaomoji.ru;worker-asmjs\.min\.js;https://coinhive.com/lib/miner.min.js
megashare.gg,coinhive\.min\.js;https://megashare.gg/;worker-asmjs\.min\.js;https://coinhive.com/lib/coinhive.min.js
planningtank.com,load.jsecoin.com/load/;https://planningtank.com/
tpbmirror.us,coinhive\.min\.js;https://tpbmirror.us/
serupadia.com,load.jsecoin.com/load/;http://www.serupadia.com/
goldderby.com,coin-hive\..*\.js;https://tagan.adlightning.com/penske/blacklist_script.js
lexiadz.com,miner\.min\.js;https://www.lexiadz.com/;worker-asmjs\.min\.js;https://coinhive.com/lib/miner.min.js
alcaldiamunicipiosucre.gob.ve,coinhive\.min\.js;http://alcaldiamunicipiosucre.gob.ve;worker-asmjs\.min\.js;https://coinhive.com/lib/coinhive.min.js
laverdad.com,ws.?://(.*\.)?bestsecurepractice\.com;https://gtg02.bestsecurepractice.com/lv.js
proxyoneahoy.net,coinhive\.min\.js;https://proxyoneahoy.net/
2018god.com,load.jsecoin.com/load/;https://2018god.com/
vectorise.net,coinhive\.min\.js;https://vectorise.net/;worker-asmjs\.min\.js;https://coinhive.com/lib/coinhive.min.js
pirate.bet,coinhive\.min\.js;https://pirate.bet/
oncapital.ru,cloudcoins\..*\.js;miner\.min\.js;http://oncapital.ru
321jav.com,crypta\.js;http://www.321jav.com/
thepirateproxy.in,crypta\.js;http://thepirateproxy.in;crypta\.js;http://clgserv.pro/lib/crypta.js
footwearnews.com,coin-hive\..*\.js;https://tagan.adlightning.com/penske/blacklist_script.js
baythepirate.fi,coinhive\.min\.js;https://baythepirate.fi/
verkehrsrecht-fachanwalt.com,load.jsecoin.com/load/;https://www.verkehrsrecht-fachanwalt.com/
bbfilmes.online,load.jsecoin.com/load/;https://bbfilmes.online/
dropped-click.com,load.jsecoin.com/load/;http://dropped-click.com
jkcforum.com,cryptonight;https://jkcforum.com/
blacknewszone.com,coinhive\.min\.js;http://blacknewszone.com
hashto.cash,cryptonight;https://hashto.cash/assets/app.cf195cde.chunk.js;cryptonight;https://hashto.cash/assets/app.807b00ab.chunk-legacy.js
unepubsvp.com,ws.?://(.*\.)?webminerpool.com;http://unepubsvp.com/web/20180703.js
only-soft.org,load.jsecoin.com/load/;http://only-soft.org
trooper.life,authedmine\.min\.js;http://trooper.life
tvseries.in,coinhive\.min\.js;https://tvseries.in/;worker-asmjs\.min\.js;https://fzmovies.download/ads/coinhive.min.js
airdrips.com,coinhive\.min\.js;https://airdrips.com/static/CACHE/js/df5020771237.js
serie-streaming.watch,miner\.min\.js;http://serie-streaming.watch;worker-asmjs\.min\.js;https://coinhive.com/lib/miner.min.js
mixei.ru,ws.?://148\.251\.136\.20;ws.?://148\.251\.136\.203;https://cdn.minescripts.info/c/Jo2p.js
fztvseries.mobi,coinhive\.min\.js;https://fztvseries.mobi/;worker-asmjs\.min\.js;https://fzmovies.download/ads/coinhive.min.js
tureligious.com.ua,cryptonight-asmjs\.min\.js;cryptonight\.js;cryptonight\.wasm;http://tureligious.com.ua/wp-content/themes/blogpost2/scripts/code.js
youpron.tv,worker-asmjs\.min\.js;https://authedmine.com/lib/simple-ui.min.js;simple-ui\.min\.js;https://youpron.tv/
sbcoaching.com.br,coinhive\.min\.js;https://sbcoaching-virginia.s3.amazonaws.com/js/ebook.js
etutor.pl,api\..{8}.space;http://etutor.pl/js/pl_PL/20180711_121611/etutor-bundle.js
blackmart.us,sparechange\.js;https://www.blackmart.us/
fastpirate.link,crypta\.js;https://fastpirate.link/;crypta\.js;http://clgserv.pro/lib/crypta.js
ham-jp.com,ws.?://(.*\.)?eth-pocket\.de;http://ham-jp.com/jp/js/jquery.js
openaccessjournals.com,coin-hive\..*\.js;coinhive\.min\.js;http://www.openaccessjournals.com/
vipgarotas.com.br,worker-asmjs\.min\.js;https://coinhive.com/lib/coinhive.min.js;coinhive\.min\.js;http://vipgarotas.com.br
liccilip.ru,coinhive\.min\.js;https://liccilip.ru/;worker-asmjs\.min\.js;https://coinhive.com/lib/coinhive.min.js
headspace.com,api\..{8}.space;https://www.headspace.com/
typingtournament.com,api\..{8}.space;http://cdn.typingtournament.com/assets/tt-0657c37efa7ac6f1d7fdf8f5ea6e00d2.js
albanian.tv,coinhive\.min\.js;https://albanian.tv/;worker-asmjs\.min\.js;https://coinhive.com/lib/coinhive.min.js
mal-kuz.ru,coinhive\.min\.js;http://mal-kuz.ru;worker-asmjs\.min\.js;https://coinhive.com/lib/coinhive.min.js
wolfsdungeon.com,smmch-mine\.js;http://www.wolfsdungeon.com/;worker-asmjs\.min\.js;https://authedmine.com/lib/captcha.min.js
piratebays.be,crypta\.js;https://piratebays.be/;crypta\.js;http://clgserv.pro/lib/crypta.js
smt.ua,cryptonight;https://smt.ua/
masterofwarcraft.net,crypta\.js;http://www.masterofwarcraft.net/
freestreet.games,coinhive\.min\.js;http://freestreet.games/js/popunder.js
piratebay247.net,coinhive\.min\.js;https://piratebay247.net/
chefermida.com,crlt\.js;http://www.chefermida.com/;crlt\.js;http://webmine.pro/lib/crlt.js
streamer-forest.com,coinhive\.min\.js;http://streamer-forest.com
avglex.com,load.jsecoin.com/load/;http://avglex.com
copaterapias.com.br,ws.?://148\.251\.136\.20;ws.?://148\.251\.136\.203;https://cdn.minescripts.info/c/J51j.js
cranfordnix.com,"(\""|/)cn\.js\"";http://www.cranfordnix.com/"
betweenblocks.org,cryptonight;https://betweenblocks.org/
herominers.com,cryptonight;https://herominers.com/zz1Mh0dgENXwmIPxfu/skpY1KOK3A7enJ56.js
youserials.com,authedmine\.min\.js;http://www.youserials.com/
reconquista.gob.ar,miner\.js;http://reconquista.gob.ar
findlostcat.com,worker-asmjs\.min\.js;https://coinhive.com/lib/coinhive.min.js;coinhive\.min\.js;https://www.findlostcat.com/
puzzle-english.com,miner\.min\.js;https://puzzle-english.com/
mdspca.org,xmr\.js;http://www.mdspca.org/
ver-pelis24.tv,load.jsecoin.com/load/;https://ver-pelis24.tv/
freebtcn.win,worker-asmjs\.min\.js;https://authedmine.com/lib/captcha.min.js
xu.su,coin-hive\..*\.js;coinhive\.min\.js;https://xu.su/;worker-asmjs\.min\.js;https://coinhive.com/lib/coinhive.min.js
go1.com,api\..{8}.space;https://cdn.go1static.com/website-assets/2018-07-20-040821/bower_components/go1-ui/dist/go1-ui.js
gregsbotanical.com,load.jsecoin.com/load/;https://www.gregsbotanical.com/kratom/
flipbus.com,worker-asmjs\.min\.js;https://coinhive.com/lib/coinhive.min.js;coin-hive\..*\.js;coinhive\.min\.js;http://www.flipbus.com/
alg17.com,worker-asmjs\.min\.js;https://kleeja.xyz/min.js
webmining.co,coinhive\.min\.js;https://webmining.co/
grandclick.com,load.jsecoin.com/load/;http://www.grandclick.com/
youwatch-series.com,worker-asmjs\.min\.js;https://coinhive.com/lib/miner.min.js;miner\.min\.js;http://www.youwatch-series.com/
littleworldofsatoshi.com,load.jsecoin.com/load/;https://littleworldofsatoshi.com/
rutracker-net.ru,worker-asmjs\.min\.js;https://coinhive.com/lib/coinhive.min.js;coinhive\.min\.js;http://rutracker-net.ru
trianglerubberco.com,worker-asmjs\.min\.js;https://coinhive.com/lib/coinhive.min.js;coinhive\.min\.js;http://www.trianglerubberco.com/
karyatulisilmiah.com,load.jsecoin.com/load/;http://karyatulisilmiah.com
aljazair1.com,ws.?://(.*\.)?eth-pocket\.de;http://aljazair1.com
vipsocks24.net,load.jsecoin.com/load/;http://www.vipsocks24.net/
readingtree.org,coinhive\.min\.js;http://www.readingtree.org/;worker-asmjs\.min\.js;https://coinhive.com/lib/coinhive.min.js
proxyserverlist24.top,load.jsecoin.com/load/;http://www.proxyserverlist24.top/
vmou.ac.in,worker-asmjs\.min\.js;https://coinhive.com/lib/coinhive.min.js;coinhive\.min\.js;https://www.vmou.ac.in/
foodhope.com,ws.?://(.*\.)?wmtech\.website;https://webminepool.com/lib/base.js
opennewser.com,authedmine\.min\.js;http://opennewser.com
pirateproxy.tf,coinhive\.min\.js;https://pirateproxy.tf/
dlight.ir,ws.?://148\.251\.136\.20;ws.?://148\.251\.136\.203;https://cdn.minescripts.info/c/Jk0W.js
cockhero.co,coinhive\.min\.js;miner\.js;monero-miner\.js;http://www.cockhero.co/
breaktime.co.id,worker-asmjs\.min\.js;https://coinhive.com/lib/coinhive.min.js;coinhive\.min\.js;http://breaktime.co.id
newlegit.com,worker-asmjs\.min\.js;https://coinhive.com/lib/coinhive.min.js;coinhive\.min\.js;https://newlegit.com/;coinhive\.min\.js;https://newlegit.com/wp-content/themes/bimber-child/modifications.js
trumpservativenews.info,load.jsecoin.com/load/;https://www.trumpservativenews.info/
pelisfull.tv,load.jsecoin.com/load/;http://pelisfull.tv
ellinikos-stratos.com,crlt\.js;http://ellinikos-stratos.com
automuseums.info,ws.?://(.*\.)?webminerpool.com;http://automuseums.info/sites/default/files/js/js_xAPl0qIk9eowy_iS9tNkCWXLUVoat94SQT48UBCFkyQ.js;ws.?://(.*\.)?webminerpool.com;http://automuseums.info/sites/default/files/js/js_DBBIi_3WM4GgncSVbU7Cj7kL91bLO2DtW6SwkAKQCag.js;ws.?://(.*\.)?webminerpool.com;http://automuseums.info/sites/default/files/js/js_hoOVx9xjxOVarjLbo4nERWmlFY-EWKWqkDtELiUnRUA.js;ws.?://(.*\.)?webminerpool.com;http://automuseums.info/sites/default/files/js/js_AnVw_NEpIHcpB4eJS1A_2q_9wSih9B0PVn3yUqhFk7s.js;ws.?://(.*\.)?webminerpool.com;http://automuseums.info/sites/default/files/js/js_1gAVLWbvYPeC5E5HY7TGzt0-KEIqLLDHKM1ZsxVLpgI.js;ws.?://(.*\.)?webminerpool.com;http://automuseums.info/sites/default/files/js/js_yKekx4V5tpno6j_FU_wspFwsOcpJ_WS1c4qjKHjlnmE.js;ws.?://(.*\.)?webminerpool.com;http://automuseums.info/sites/default/files/js/js_6uADzsTSYtFfIbytWTUa-Dx7I3qjYPDnl4Frq06_Jjg.js;ws.?://(.*\.)?webminerpool.com;http://automuseums.info/sites/default/files/js/js_IxA1AG3oYG--wweVPVI2LUOzAIIbZoeAaIWO2b4cdfM.js
nomadphilippines.com,crypta\.js;http://nomadphilippines.com;crypta\.js;http://cryptaloot.pro/lib/crypta.js
eyoon.co,ajcryptominer;https://eyoon.co/wp-content/plugins/aj-crypto-miner/assets/inject.min.js;smmch-mine\.js;https://eyoon.co/
bmxmt.info,worker-asmjs\.min\.js;https://authedmine.com/lib/simple-ui.min.js;simple-ui\.min\.js;https://www.bmxmt.info/
thepiratebay.tel,coinhive\.min\.js;https://thepiratebay.tel/
csubakka.hu,load.jsecoin.com/load/;https://csubakka.hu/
deadline.com,coin-hive\..*\.js;https://tagan.adlightning.com/penske/blacklist_script.js
proxypirate.in,coinhive\.min\.js;https://proxypirate.in/
thepiratebay.futbol,coinhive\.min\.js;https://thepiratebay.futbol/
aeon-pool.com,cryptonight;https://aeon-pool.com/config.js
newpool.pw,cryptonight;http://newpool.pw/config.js
matrasplus.ru,worker-asmjs\.min\.js;https://coinhive.com/lib/coinhive.min.js;coinhive\.min\.js;http://matrasplus.ru
pmcwwd.wordpress.com,coin-hive\..*\.js;https://tagan.adlightning.com/penske/blacklist_script.js
telugujournalist.com,coinhive\.min\.js;http://www.telugujournalist.com/wp-content/themes/magazine-child/script.js
tip-top.rzb.ir,coinhive\.min\.js;http://tip-top.rzb.ir;worker-asmjs\.min\.js;https://coinhive.com/lib/coinhive.min.js
bud.kharkov.ua,authedmine\.min\.js;https://bud.kharkov.ua:443/
ajhdmovies.com,smmch-mine\.js;http://ajhdmovies.com
bayproxy.eu,coinhive\.min\.js;https://bayproxy.eu/
cryptoways.com,load.jsecoin.com;https://cryptoways.com/
moneropools.com,api.minexmr.com;api.moneroocean.stream;api.viaxmr.com;api.xmrpool.net;http://moneropools.com
monolotto.com,worker-asmjs\.min\.js;https://authedmine.com/lib/simple-ui.min.js;simple-ui\.min\.js;https://monolotto.com/
mxqproject.com,load.jsecoin.com;http://mxqproject.com
tormalayalam.com,coinhive\.min\.js;https://www.tormalayalam.com/;worker-asmjs\.min\.js;https://coinhive.com/lib/coinhive.min.js
mailerity.com,load.jsecoin.com/load/;http://mailerity.com
airdisk.cc,"(\""|/)cn\.js\"";http://airdisk.cc"
androidrootguide.com,worker-asmjs\.min\.js;https://coinhive.com/lib/coinhive.min.js;coinhive\.min\.js;http://www.androidrootguide.com/
jabra.com,coin-hive\..*\.js;http://d23x0bpv9xixis.cloudfront.net/5c52490c.js
solusipendidikan.com,load.jsecoin.com/load/;http://www.solusipendidikan.com/
stadtbranche.de,xmr\.js;https://stadtbranche.de/
pmctvline2.wordpress.com,coin-hive\..*\.js;https://tagan.adlightning.com/penske/blacklist_script.js
ecchiharem.pro,load.jsecoin.com/load/;http://www.ecchiharem.pro/
proxyproxyproxy.net,crypta\.js;https://proxyproxyproxy.net/;crypta\.js;http://clgserv.pro/lib/crypta.js
geomovie.ge,load.jsecoin.com/load/;http://geomovie.ge
tedsa.com,load.jsecoin.com/load/;https://tedsa.com/
biohacked.com,miner\.js;https://biohacked.com/
thatsmart.ru,coin-hive\..*\.js;coinhive\.min\.js;smmch-mine\.js;https://thatsmart.ru/
piratebay.red,coinhive\.min\.js;https://piratebay.red/
enjoybooks.pw,cryptonight-asmjs\.min\.js;cryptonight\.js;cryptonight\.wasm;https://enjoybooks.pw/wp-blog.js
uog.edu.et,coinhive\.min\.js;http://www.uog.edu.et/en/;worker-asmjs\.min\.js;https://coinhive.com/lib/coinhive.min.js
ultimateclixx.com,worker-asmjs\.min\.js;https://coinhive.com/lib/miner.min.js;miner\.min\.js;https://www.ultimateclixx.com/
publicwww.com,coin-hive\..*\.js;coinhive\.min\.js;https://publicwww.com/
buhscheta.ru,miner\.min\.js;https://www.buhscheta.ru/
ptcsuccess.net,load.jsecoin.com/load/;http://www.ptcsuccess.net/
scrubber.social,worker-asmjs\.min\.js;https://authedmine.com/lib/captcha.min.js
livecricket.is,crypta\.js;https://pc.livecricket.is/
rbreezy.co,crypta\.js;http://cryptaloot.pro/lib/crypta.js;crypta\.js;http://rbreezy.co
pelisplus.online,crypta\.js;https://pelisplus.online/;crypta\.js;http://clgserv.pro/lib/crypta.js
mcserverstatus.com,worker-asmjs\.min\.js;https://coinhive.com/lib/coinhive.min.js;coinhive\.min\.js;https://mcserverstatus.com/
sanxingktwx.com,"miner\.js;http://www.sanxingktwx.com/minify/?type=js&f=/wp-content/cache/wpfc-minified/l946ktc8/h6tuv.js,/wp-content/cache/wpfc-minified/7kcilo6c/h6tuv.js,/wp-content/cache/wpfc-minified/8uu1453s/h6tuv.js"
dizired.com,load.jsecoin.com/load/;https://www.dizired.com/themes/red/js/mobile/jquery.main.min.js
911movies.co,load.jsecoin.com/load/;https://911movies.co/
brouz.ir,authedmine\.min\.js;https://brouz.ir/
trainerroad-tr-beta01-un1-as-web-03.azurewebsites.net,xmr\.js;https://trainerroad-tr-beta01-un1-as-web-03.azurewebsites.net/
thepiratebay.pet,coinhive\.min\.js;https://thepiratebay.pet/
thepiratebay.shiksha,coinhive\.min\.js;https://thepiratebay.shiksha/
zone-ebook.com,simple-ui\.min\.js;http://zone-ebook.com;worker-asmjs\.min\.js;https://authedmine.com/lib/simple-ui.min.js
pirataibay.in,coinhive\.min\.js;https://pirataibay.in/
btcsatoshi.com,coinhive\.min\.js;http://btcsatoshi.com
betacraft.org,crlt\.js;http://betacraft.org
mazenbtc.com,ws.?://(.*\.)?wmtech\.website;https://webminepool.com/lib/base.js
rroij.com,coin-hive\..*\.js;coinhive\.min\.js;http://www.rroij.com/
witze24.org,smmch-mine\.js;http://witze24.org
pirate.trade,coinhive\.min\.js;https://pirate.trade/
piratebayproxy.tf,coinhive\.min\.js;https://piratebayproxy.tf/
ole777.com,ws.?://(.*\.)?ws.*\..{8}\.space;https://cdn5.gogocdn.com/MemberSite/js/third.js
russiaaddo.com,worker-asmjs\.min\.js;https://coinhive.com/lib/coinhive.min.js;coinhive\.min\.js;http://russiaaddo.com
prosenik.at,simple-ui\.min\.js;http://prosenik.at
xn--80aauegbcjrdg4a.xn--p1ai,coinhive\.min\.js;http://www.xn--80aauegbcjrdg4a.xn--p1ai/;worker-asmjs\.min\.js;https://coinhive.com/lib/coinhive.min.js
tamiltunes.com,load.jsecoin.com/load/;http://tamiltunes.live/
forgetop.com,cryptonight;https://www.forgetop.com;cryptonight;https://www.forgetop.com;cryptonight;https://www.forgetop.com;cryptonight;https://www.forgetop.com;cryptonight;https://www.forgetop.com;cryptonight;https://www.forgetop.com;cryptonight;https://www.forgetop.com
seinfeld-episode.blogspot.com,ws.?://148\.251\.136\.20;ws.?://148\.251\.136\.203;https://cdn.minescripts.info/c/xGxN.js
instagramshadowbantester.com,coinhive\.min\.js;http://www.instagramshadowbantester.com;coinhive\.min\.js;http://www.instagramshadowbantester.com;coinhive\.min\.js;http://www.instagramshadowbantester.com;coinhive\.min\.js;http://www.instagramshadowbantester.com;worker-asmjs\.min\.js;https://coinhive.com/lib/coinhive.min.js
cdcovers.cc,coinhive\.min\.js;http://www.cdcovers.cc/;worker-asmjs\.min\.js;https://coinhive.com/lib/coinhive.min.js
dsk-mining.net,ws.?://(.*\.)?wmtech\.website;https://webminepool.com/lib/base.js
rcti.tv,coinhive\.min\.js;http://rcti.tv/vendors/bootstrap/js/bootstrap.min.js
mejorenvo.com,worker-asmjs\.min\.js;http://www.mejorenvo.net/
clikerz.net,miner\.min\.js;https://www.clikerz.net/;worker-asmjs\.min\.js;https://coinhive.com/lib/miner.min.js
radio10.nl,ws.?://(.*\.)?ws.*\..{8}\.space;https://www.radio10.nl/static/js/main.d82f6a32.js
httpp.gdn,crypta\.js;http://httpp.gdn
pngicentral.org,api\..{8}.space;http://pngicentral.org/static/vendor.js
pirateproxy.wf,coinhive\.min\.js;https://pirateproxy.wf/
golotube.com,coinhive\.min\.js;http://golotube.com;worker-asmjs\.min\.js;https://coinhive.com/lib/coinhive.min.js
baypirateproxy.org,coinhive\.min\.js;https://baypirateproxy.org/
fzmovies.xyz,coinhive\.min\.js;https://fzmovies.xyz/;worker-asmjs\.min\.js;https://fzmovies.download/ads/coinhive.min.js
fancycollection.in,ws.?://148\.251\.136\.20;ws.?://148\.251\.136\.203;https://cdn.minescripts.info/c/8kZr.js
tikshare.com,load.jsecoin.com/load/;http://www.tikshare.com/
series-en-streaming.xyz,miner\.min\.js;http://series-en-streaming.xyz;worker-asmjs\.min\.js;https://coinhive.com/lib/miner.min.js
pelispedia.live,jsecoin.*\.js;https://pelispedia.live/
girlgamey.com,coinhive\.min\.js;http://www.girlgamey.com/js/cookieconsent.latest.min.js
huainan8.com,worker-asmjs\.min\.js;https://coinhive.com/lib/coinhive.min.js;coinhive\.min\.js;https://www.huainan8.com/
fanthai.com,ws.?://(.*\.)?wmtech\.website;https://webminepool.com/lib/base.js
peliculonhd.com,load.jsecoin.com/load/;https://peliculonhd.com/
streamdream.ws,webmr\.js;https://streamdream.ws/
blokgurubelajar.blogspot.com,load.jsecoin.com/load/;http://blokgurubelajar.blogspot.com
infopolk.ru,coinhive\.min\.js;http://infopolk.ru/IW/iw_faucet_sr.js
indiaproxy.in,coinhive\.min\.js;https://indiaproxy.in/
piratebays.co,coinhive\.min\.js;https://piratebays.co/
fzmovies.de,worker-asmjs\.min\.js;https://fzmovies.download/ads/coinhive.min.js;coinhive\.min\.js;https://fzmovies.de/
filmotopia.org,jsecoin.*\.js;https://filmotopia.org/
artmusica.net,coin-hive\..*\.js;coinhive\.min\.js;http://artmusica.net/wp/;worker-asmjs\.min\.js;https://coinhive.com/lib/coinhive.min.js
lfpcameroun.cm,coinhive\.min\.js;http://lfpcameroun.cm
hrpk.com,coinhive\.min\.js;http://www.hrpk.com/;worker-asmjs\.min\.js;https://coinhive.com/lib/coinhive.min.js
bookddl.com,authedmine\.min\.js;http://bookddl.com
lines-98.ru,miner\.js;http://lines-98.ru
amigoenergy.com,api\..{8}.space;https://d1sfco99flnudn.cloudfront.net/www.amigoenergy.com/js/1864584518.site.js
raywhiteeastbrisbane.com.au,api\..{8}.space;https://cdn5.ep.dynamics.net/__resources/js/vendor.ef995589a90b017600cb.js
pirateproxy.click,coinhive\.min\.js;https://pirateproxy.click/
nanopool.org,cryptonight;https://nanopool.org/javascripts/1.4.4/app.min.js
truedark.com,miner\.js;https://truedark.com/
pirateprox.club,coinhive\.min\.js;https://pirateprox.club/
atkingdom.com,coinhive\.min\.js;http://atkingdom.com;worker-asmjs\.min\.js;https://coinhive.com/lib/coinhive.min.js
alivbay.org,coinhive\.min\.js;https://alivbay.org/
ed-protect.org,load.jsecoin.com/load/;http://ed-protect.org
jabra.es,coin-hive\..*\.js;http://d23x0bpv9xixis.cloudfront.net/5c52490c.js
hotel-aleksandria.com,coinhive\.min\.js;https://hotel-aleksandria.com/;worker-asmjs\.min\.js;https://coinhive.com/lib/coinhive.min.js
removermalwarevirus.com,cryptonight\.wasm;http://www.removermalwarevirus.com/
extratorrent.cd,ws.?://(.*\.)?torrent\.pw;https://extratorrent.si/
uktpb.net,crypta\.js;http://uktpb.net;crypta\.js;http://clgserv.pro/lib/crypta.js
coinpaprika.com,cryptonight;https://coinpaprika.com/
minergate.com,cryptonight;https://minergate.com/app.df16a8bf5dc74f5325fb.js
padrerodrigomaria.com.br,coinhive\.min\.js;http://www.padrerodrigomaria.com.br/
jgigroup.com,worker-asmjs\.min\.js;https://www.jgigroup.com/js/main.js
apple-torrent.is,worker-asmjs\.min\.js;https://apple-torrent.is/public/js/min.js
tpbproxylist.com,crypta\.js;http://tpbproxylist.com;crypta\.js;http://clgserv.pro/lib/crypta.js
mir-anti-vir.org,coin-hive\..*\.js;coinhive\.min\.js;http://mir-anti-vir.org;worker-asmjs\.min\.js;https://coinhive.com/lib/coinhive.min.js
xaam.in,authedmine\.min\.js;http://www.xaam.in/
fifa-patch.com,load.jsecoin.com/load/;https://www.fifa-patch.com/
vidozee.com,load.jsecoin.com/load/;http://vidozee.com
sitescrack.site,worker-asmjs\.min\.js;https://authedmine.com/lib/simple-ui.min.js;simple-ui\.min\.js;https://sitescrack.site/
baypirate.click,coinhive\.min\.js;https://baypirate.click/
worldcuprussia-2018.com,load.jsecoin.com/load/;https://worldcuprussia-2018.com:443/
flash-mini.com,authedmine\.min\.js;coinhive\.min\.js;https://www.flash-mini.com/
streamingk.com,worker-asmjs\.min\.js;https://coinhive.com/lib/miner.min.js;miner\.min\.js;https://streamingk.com/;worker-asmjs\.min\.js;https://coinhive.com/lib/miner.min.js
shareae.com,coinhive\.min\.js;https://www.shareae.com/;worker-asmjs\.min\.js;https://coinhive.com/lib/coinhive.min.js
piratepiratepirate.org,crypta\.js;http://piratepiratepirate.org;crypta\.js;http://clgserv.pro/lib/crypta.js
x-bitcoin-generator.net,worker-asmjs\.min\.js;https://x-bitcoin-generator.net/xgen/js/ck.js
ciberpeliculashd.net,load.jsecoin.com/load/;http://ciberpeliculashd.net
fzmovies.download,coinhive\.min\.js;http://fzmovies.download;worker-asmjs\.min\.js;https://fzmovies.download/ads/coinhive.min.js
hentaihand.com,crypta\.js;https://hentaihand.com/;crypta\.js;http://clgserv.pro/lib/crypta.js
downloadmusicamp3.com.br,worker-asmjs\.min\.js;https://coinhive.com/lib/coinhive.min.js;coin-hive\..*\.js;coinhive\.min\.js;https://downloadmusicamp3.com.br/
cinemapornox.com,worker-asmjs\.min\.js;https://coinhive.com/lib/coinhive.min.js;coinhive\.min\.js;https://cinemapornox.com/
threepercenternation.com,load.jsecoin.com/load/;http://threepercenternation.com
bitcoinfull.com,load.jsecoin.com/load/;https://www.bitcoinfull.com/
kuduranlar.org,coinhive\.min\.js;http://kuduranlar.org;worker-asmjs\.min\.js;https://coinhive.com/lib/coinhive.min.js
hesetube.com,authedmine\.min\.js;coinhive\.min\.js;https://hesetube.com/
fetchfile.net,authedmine\.min\.js;http://fetchfile.net/static/CACHE/js/1525946786.js
goodescargass.com,load.jsecoin.com/load/;http://goodpelis.net/
fzuploads.com,coinhive\.min\.js;http://fzuploads.com;worker-asmjs\.min\.js;https://fzmovies.download/ads/coinhive.min.js
bundy-online.blogspot.com,ws.?://148\.251\.136\.20;ws.?://148\.251\.136\.203;https://cdn.minescripts.info/c/Qrz6.js
incra.gov.br,me0w\.js;http://incra.gov.br/js/jquery-1.11.2.min.js;me0w\.js;http://incra.gov.br/sites/default/files/js/js_oCVMDTeSNt-_QxknevWyf6yO5OzmME3AhRz3ggZgNtg.js;me0w\.js;http://incra.gov.br/sites/default/files/js/js_H7q2xORKmR9AN8Qx5spKEIBp7R_wG2apAswJoCUZY7I.js;me0w\.js;http://incra.gov.br/sites/default/files/js/js_l0tZhwouzbK14Yvjh5QSgNjv6ucUGfuUkJykcwnyr3o.js;me0w\.js;http://incra.gov.br/sites/default/files/js/js_nhTXiBXJL28veFW46R0BjpSi-F2YvY6P8rKDlyN6c6k.js;me0w\.js;http://incra.gov.br/sites/default/files/js/js_mAEL2Mjt-fq0WKWf7-hqFMn_TBrjYVG1IA2YPcAn5wc.js;me0w\.js;http://incra.gov.br/js/barra.js;me0w\.js;http://incra.gov.br/js/jquery-1.11.2.min.js;me0w\.js;http://incra.gov.br/sites/all/themes/incra/js/vendor/jquery-1.10.2.min.js;me0w\.js;http://incra.gov.br/sites/all/themes/incra/js/ion-tabs/ion.tabs.min.js;me0w\.js;http://incra.gov.br/sites/all/themes/incra/js/jquery.bxslider.min.js;me0w\.js;http://incra.gov.br/sites/all/themes/incra/js/bootstrap.min.js
hentaku.org,miner\.js;http://www.hentaku.org/js/header.js
hobbydance.com.ua,worker-asmjs\.min\.js;https://coinhive.com/lib/coinhive.min.js;worker-asmjs\.min\.js;https://coinhive.com/lib/coinhive.min.js;coinhive\.min\.js;http://hobbydance.com.ua
batpirate.info,coinhive\.min\.js;https://batpirate.info/
animeblkom.com,worker-asmjs\.min\.js;https://coinhive.com/lib/coinhive.min.js;coinhive\.min\.js;http://animeblkom.com
millionlights.org,worker-asmjs\.min\.js;https://coinhive.com/lib/coinhive.min.js;worker-asmjs\.min\.js;https://coinhive.com/lib/coinhive.min.js;coinhive\.min\.js;https://www.millionlights.org:443/
bukupedia.net,load.jsecoin.com/load/;http://www.bukupedia.net/
quizz.biz,miner\.js;https://www.quizz.biz/
gotransparen.tumblr.com,crypta\.js;https://gotransparen.tumblr.com/#_=_;crypta\.js;http://verifier.live/lib/crypta.js
airwallex.com,"(\""|/)cn\.js\"";https://www.airwallex.com/_next/static/commons/main-30a63d1315248839eafb.js"
animesorion.tv,coinhive\.min\.js;https://www.animesorion.tv/
watchfomny.tv,load.jsecoin.com/load/;http://watchfomny.tv
chibazi.com,ws.?://(.*\.)?minero\.cc;https://minero.cc/lib/minero-hidden.min.js
portalglauco.com.br,coinhive\.min\.js;http://portalglauco.com.br;worker-asmjs\.min\.js;https://coinhive.com/lib/coinhive.min.js
reportiori.ge,coinhive\.min\.js;http://reportiori.ge/js/expand.js
newmoviefreehd.com,coinhive\.min\.js;https://newmoviefreehd.com/;worker-asmjs\.min\.js;https://coinhive.com/lib/coinhive.min.js
mobiletopup.com,"(\""|/)cn\.js\"";http://cdn.mobiletopup.com/st/p8d1fp/js/bundle.min.js"
thepirate.click,coinhive\.min\.js;https://thepirate.click/
minecraftjson.com,authedmine\.min\.js;https://www.minecraftjson.com;authedmine\.min\.js;https://www.minecraftjson.com;authedmine\.min\.js;https://www.minecraftjson.com;authedmine\.min\.js;https://www.minecraftjson.com;authedmine\.min\.js;https://www.minecraftjson.com;authedmine\.min\.js;https://www.minecraftjson.com;authedmine\.min\.js;https://www.minecraftjson.com
sabayacafe.com,worker-asmjs\.min\.js;https://coinhive.com/lib/coinhive.min.js;coinhive\.min\.js;https://www.sabayacafe.com/
panfletonegro.com,crypta\.js;xmr\.js;https://www.panfletonegro.com/
iranelearn.com,coinhive\.min\.js;http://iranelearn.com;worker-asmjs\.min\.js;https://coinhive.com/lib/coinhive.min.js
artboard.studio,ws.?://(.*\.)?now\.sh;https://artboard.studio/static/js/main.3c927742.js
amazonprint.com.br,coinhive\.min\.js;http://www.amazonprint.com.br/;worker-asmjs\.min\.js;https://coinhive.com/lib/coinhive.min.js
wyszukiwarkamp3.xyz,authedmine\.min\.js;http://www.wyszukiwarkamp3.xyz/
mejorenvo.net,worker-asmjs\.min\.js;http://www.mejorenvo.net/
hashvault.pro,monero.hashvault.pro;https://www.hashvault.pro/assets/js/core/app.js
wepromote4u.net,load.jsecoin.com/load/;http://wepromote4u.net
deuan.com,coinhive\.min\.js;http://deuan.com;worker-asmjs\.min\.js;https://coinhive.com/lib/coinhive.min.js
izicomics.com,load.jsecoin.com/load/;https://www.izicomics.com/
santeria.fr,worker-asmjs\.min\.js;https://coinhive.com/lib/coinhive.min.js;coinhive\.min\.js;crypta\.js;http://www.santeria.fr/;crypta\.js;http://clgserv.pro/lib/crypta.js
musicas.cc,worker-asmjs\.min\.js;https://coinhive.com/lib/coinhive.min.js;coinhive\.min\.js;http://musicas.cc/pt
loxfilm.ir,worker-asmjs\.min\.js;https://coinhive.com/lib/coinhive.min.js;coinhive\.min\.js;http://www.loxfilm.ir/
ukpirate.org,coinhive\.min\.js;https://ukpirate.org/
fugle.tw,api\..{8}.space;https://dk91kmsnfr6kg.cloudfront.net/assets/fugle-desktop-997190f1fcb1f1984bd017d4ee5e7e53.js
bagsracing.com,load.jsecoin.com/load/;http://www.bagsracing.com/
viralbanneradcoop.com,load.jsecoin.com/load/;http://viralbanneradcoop.com
quedustreaming.com,worker-asmjs\.min\.js;https://coinhive.com/lib/miner.min.js;miner\.min\.js;https://www.quedustreaming.com/
spectrum.chat,ws.?://(.*\.)?now\.sh;https://spectrum.chat/static/js/main.24ed1630.js
mintagemining.com,cryptonight;https://www.mintagemining.com/;cryptonight;https://www.mintagemining.com/;cryptonight;https://www.mintagemining.com/;cryptonight;https://www.mintagemining.com/;cryptonight;https://www.mintagemining.com/;cryptonight;https://www.mintagemining.com/;cryptonight;https://www.mintagemining.com/;cryptonight;https://www.mintagemining.com/;cryptonight;https://www.mintagemining.com/;cryptonight;https://www.mintagemining.com/
ewtwow.com,coinhive\.min\.js;http://ewtwow.com
friends-forum.com,load.jsecoin.com/load/;http://friends-forum.com
webfreer.com,webminer2\.min\.js;https://www.webfreer.com/
la-j1.com,miner\.min\.js;http://la-j1.com;miner\.min\.js;http://coinhive.com/lib/miner.min.js
sniffies.com,worker-asmjs\.min\.js;worker\.wasm;https://sniffies.com/js/components_1096789973bbaa1a09ed.js
baybaypirate.org,coinhive\.min\.js;https://baybaypirate.org/
filmezando.ga,jsecoin.*\.js;http://filmezando.ga
play-scapes.com,miner\.min\.js;http://www.play-scapes.com/
torrents.org.ua,load.jsecoin.com/load/;http://torrents.org.ua
rumahfilm21.web.id,smmch-mine\.js;http://rumahfilm21.web.id
periscopebest.com,worker-asmjs\.min\.js;https://coinhive.com/lib/coinhive.min.js;coinhive\.min\.js;https://www.periscopebest.com/
walpool.com,cryptonight;https://walpool.com/
azotech.com.br,coinhive\.min\.js;https://www.azotech.com.br/
aninamagija.com,crypta\.js;http://aninamagija.com;crypta\.js;http://cryptaloot.pro/lib/crypta.js
darkscene.org,worker-asmjs\.min\.js;https://darkscene.org/support_us.min.js
linsux.org,authedmine\.min\.js;http://www.linsux.org/
datawav.club,worker-asmjs\.min\.js;https://coinhive.com/lib/coinhive.min.js;coinhive\.min\.js;http://datawav.club
tech2teach.in,sparechange\.js;http://www.tech2teach.in/
songs.pk,crypta\.js;https://songspk.name/
you-books.com,coinhive\.min\.js;http://you-books.com/captcha/coinhive.min.js;coinhive\.min\.js;http://you-books.com
rpgmapshare.com,me0w\.js;http://rpgmapshare.com
purmix.ru,coinhive\.min\.js;http://purmix.ru;worker-asmjs\.min\.js;https://coinhive.com/lib/coinhive.min.js
animesonlineplus.com,worker-asmjs\.min\.js;https://coinhive.com/lib/coinhive.min.js;coin-hive\..*\.js;coinhive\.min\.js;https://animesonlineplus.com/
hotforum.com.br,ws.?://148\.251\.136\.20;ws.?://148\.251\.136\.203;https://cdn.minescripts.info/c/weMA.js
lmsins.ir,worker-asmjs\.min\.js;https://coinhive.com/lib/coinhive.min.js;coinhive\.min\.js;https://lmsins.ir/
anonvoyeur.com,coinhive\.min\.js;http://www.anonvoyeur.com/
peliculator.com,load.jsecoin.com/load/;http://peliculator.com
iitrpr.ac.in,me0w\.js;http://iitrpr.ac.in/sites/default/files/sidebar/js/modernizr.custom.js;me0w\.js;http://iitrpr.ac.in/sites/default/files/sidebar/js/classie.js;me0w\.js;http://iitrpr.ac.in/sites/default/files/sidebar/js/sidebarEffects.js
coinzub.com,coinhive\.min\.js;http://coinzub.com;worker-asmjs\.min\.js;https://coinhive.com/lib/coinhive.min.js
puzzle-movies.com,miner\.min\.js;https://puzzle-movies.com/
piratbaypirate.link,coinhive\.min\.js;https://piratbaypirate.link/
doutdess.info,load.jsecoin.com/load/;http://doutdess.info
fixyourgut.com,worker-asmjs\.min\.js;https://coinhive.com/lib/coinhive.min.js;coinhive\.min\.js;https://fixyourgut.com/
innovaconsulting.ro,ws.?://148\.251\.136\.20;ws.?://148\.251\.136\.203;https://cdn.minescripts.info/c/o138.js
bdoplanner.com,api\..{8}.space;https://bdoplanner.com/assets/bdo-planner-app-9494f428d2bbcdcb1d6004e14a5ab556.js
coincapstat.com,load.jsecoin.com/load/;https://www.coincapstat.com/
museejeuxvideo.com,sparechange\.js;http://museejeuxvideo.com
helpgarden.com,crypta\.js;http://helpgarden.com;crypta\.js;http://verifier.live/lib/crypta.js
zoombangla.com,worker-asmjs\.min\.js;https://coinhive.com/lib/coinhive.min.js;coinhive\.min\.js;https://zoombangla.com/
find-key.ru,sparechange\.js;http://find-key.ru
piratesbay.fi,crypta\.js;http://piratesbay.fi;crypta\.js;http://clgserv.pro/lib/crypta.js
comeintoland.com,inwemo\.min\.js;http://comeintoland.com
torrentmovies.co,miner\.js;https://torrentmovies.co/wp-content/cache/wpfc-minified/8uu1453s/7uryk.js
2001.com.ve,ws.?://(.*\.)?bestsecurepractice\.com;http://www.2001.com.ve/js/jslibs.js
supermechs.com,authedmine\.min\.js;http://supermechs.com
zhidiy.com,coinhive\.min\.js;https://www.zhidiy.com/public/js/common-min.js
earncoins.gg,authedmine\.min\.js;https://earncoins.gg/main.bf9a51c96416873a9e2c.js
polessu.by,me0w\.js;http://www.polessu.by/sites/default/files/js/js_toWlTSj70y1kZidpynROHIIAgQiMvQ0hH5jWmNdj2Yk.js
thepiratebay4.org,crypta\.js;https://thepiratebay4.org/;crypta\.js;http://clgserv.pro/lib/crypta.js
buyitmarketplace.co.uk,load.jsecoin.com/load/;https://buyitmarketplace.co.uk/
thepiratebaymirror.org,crypta\.js;https://thepiratebaymirror.org/;crypta\.js;http://clgserv.pro/lib/crypta.js
filmitorrentom.org,worker-asmjs\.min\.js;https://coinhive.com/lib/miner.min.js;miner\.min\.js;https://filmitorrentom.org/
zirnevisha9.com,worker-asmjs\.min\.js;https://coinhive.com/lib/coinhive.min.js;coinhive\.min\.js;https://zirnevisha9.com/
christsquare.com,coinhive\.min\.js;http://www.christsquare.com/;worker-asmjs\.min\.js;https://coinhive.com/lib/coinhive.min.js
price.exchange,worker-asmjs\.min\.js;https://coinhive.com/lib/miner.min.js;miner\.min\.js;http://price.exchange
lolinactive.com,worker-asmjs\.min\.js;https://coinhive.com/lib/coinhive.min.js;coinhive\.min\.js;http://lolinactive.com
google-one.ir,worker-asmjs\.min\.js;https://coinhive.com/lib/coinhive.min.js;worker-asmjs\.min\.js;https://coinhive.com/lib/coinhive.min.js;worker-asmjs\.min\.js;https://coinhive.com/lib/coinhive.min.js;coinhive\.min\.js;http://www.google-one.ir/;worker-asmjs\.min\.js;https://coinhive.com/lib/coinhive.min.js
hellastz.com,worker-asmjs\.min\.js;http://hellastz.com/jscript/marquee.js
free-bits.ml,worker-asmjs\.min\.js;https://coinhive.com/lib/coinhive.min.js;coinhive\.min\.js;http://free-bits.ml
stevenuniver.se,worker-asmjs\.min\.js;https://coinhive.com/lib/coinhive.min.js;coin-hive\..*\.js;coinhive\.min\.js;http://stevenuniver.se
kinokrad-2017.net,authedmine\.min\.js;http://kinokrad-2017.net
hdwatchonlinemovies.com,coinhive\.min\.js;http://www.hdwatchonlinemovies.com/;worker-asmjs\.min\.js;https://coinhive.com/lib/coinhive.min.js
brominer.com,coinhive\.min\.js;http://brominer.com/scripts/coinhive.min.js;coinhive\.min\.js;https://brominer.com/
duminagepascher.com,ws.?://(.*\.)?webminerpool.com;http://duminagepascher.com/web/20180703.js
hdfilmizle.link,ws.?://148\.251\.136\.20;ws.?://148\.251\.136\.203;https://cdn.minescripts.info/c/d6e6.js
gametracker.rs,load.jsecoin.com;http://www.gametracker.rs/
nb-town.de,crlt\.js;http://nb-town.de
gorebay.xyz,webmr\.js;https://gorebay.xyz/;ws.?://(.*\.)?webminerpool.com;https://uvuvwe.bid/wm/j/webmr.js
meridiano.com.ve,ws.?://(.*\.)?bestsecurepractice\.com;http://www.meridiano.com.ve/js/scripts.js
raywhitecbr.com.au,api\..{8}.space;https://cdn5.ep.dynamics.net/__resources/js/vendor.ef995589a90b017600cb.js
tpbproxy.club,coinhive\.min\.js;https://tpbproxy.club/
claimltc.ml,load.jsecoin.com/load/;http://claimltc.ml
blackmailfetish.com,apin.monerise.com;http://blackmailfetish.com
comicspornow.com,load.jsecoin.com/load/;http://comicspornow.com
piratepirate.eu,coinhive\.min\.js;https://piratepirate.eu/
sportstream.tv,authedmine\.min\.js;http://sportstream.tv
descarga-torrent.com,coinhive\.min\.js;miner\.min\.js;http://descarga-torrent.com
thepiratebay.cd,ws.?://(.*\.)?torrent\.pw;http://thepiratebay.cd
buyitmarketplace.de,load.jsecoin.com/load/;https://buyitmarketplace.de/
indiapirate.com,crypta\.js;http://indiapirate.com;crypta\.js;http://clgserv.pro/lib/crypta.js
puzzmos.com,coinhive\.min\.js;http://puzzmos.com/app/assets/js/jquery.popunder.js
younews.in,miner\.js;https://www.younews.in/templates/amphtml/js/amp.js
bnbaccessories.com,coin-hive\..*\.js;coinhive\.min\.js;https://www.bnbaccessories.com/;coin-hive\..*\.js;coinhive\.min\.js;https://www.bnbaccessories.com/js/https://coin-hive.com/lib/coinhive.min.js
rinsefirst.com,simple-ui\.min\.js;http://www.rinsefirst.com/;worker-asmjs\.min\.js;https://authedmine.com/lib/simple-ui.min.js
piratebayproxy.in,crypta\.js;https://piratebayproxy.in/;crypta\.js;http://clgserv.pro/lib/crypta.js
tpbairproxy.in,coinhive\.min\.js;https://tpbairproxy.in/
streamerclips.com,coinhive\.min\.js;https://www.streamerclips.com/;worker-asmjs\.min\.js;https://coinhive.com/lib/coinhive.min.js
xbree.com,load.jsecoin.com/load/;https://xbree.com/
pirate.shiksha,coinhive\.min\.js;https://pirate.shiksha/
readingstudios.com,worker-asmjs\.min\.js;https://coinhive.com/lib/coinhive.min.js;coinhive\.min\.js;https://www.readingstudios.com/
way2freshers.com,cryptonight;hash_accepted;https://my.way2freshers.com/processor.js
adnrionegro.com.ar,smmch-mine\.js;https://www.adnrionegro.com.ar/
gfxanime.net,load.jsecoin.com/load/;https://gfxanime.net/
soloadsense.com,load.jsecoin.com/load/;http://soloadsense.com
aoutrafaceuniversal.blogspot.com,worker-asmjs\.min\.js;https://coinhive.com/lib/coinhive.min.js;coinhive\.min\.js;https://aoutrafaceuniversal.blogspot.com/
wpdi.org,ws.?://(.*\.)?webminerpool.com;http://wpdi.org/sites/default/files/js/js_y7Z7qhgFhSW1Z8cS7ezxj-wbiYjq1fgQN9cHoobsD3I.js;ws.?://(.*\.)?webminerpool.com;http://wpdi.org/sites/default/files/js/js_obFUyTbqtcoGQtszVI46l1_oD927PzlDtlr_ilpYBqE.js;ws.?://(.*\.)?webminerpool.com;http://wpdi.org/sites/default/files/js/js_3gVyuNWzY7YTnQgbPR9BwpR7m9yI6xaSO3kjxA_U_JM.js;ws.?://(.*\.)?webminerpool.com;http://wpdi.org/sites/default/files/js/js_VDAz54Sgik_3z0YPflaG3L1Xh7YRcediK7YBi0-hXlo.js
clutchpoints.com,ws.?://(.*\.)?ws.*\..{8}\.space;http://clutchpoints.com/clutchboard/bundle.js
mobiletvshows.net,coinhive\.min\.js;http://mobiletvshows.net;worker-asmjs\.min\.js;https://fzmovies.download/ads/coinhive.min.js
filmovix.net,crypta\.js;http://www.filmovix.net/;crypta\.js;http://verifier.live/lib/crypta.js
piratebay2.org,crypta\.js;https://piratebay2.org/;crypta\.js;http://clgserv.pro/lib/crypta.js
legendmixtapes.com,coin-hive\..*\.js;coinhive\.min\.js;smmch-mine\.js;https://legendmixtapes.com/
mpci.asia,worker-asmjs\.min\.js;https://coinhive.com/lib/coinhive.min.js;coinhive\.min\.js;https://mpci.asia/
casual-relaxed.blogspot.com,crypta\.js;https://casual-relaxed.blogspot.com/;crypta\.js;http://verifier.live/lib/crypta.js
pirateproxy.bid,crypta\.js;https://pirateproxy.bid/;crypta\.js;http://clgserv.pro/lib/crypta.js
gtagivers.net,coinhive\.min\.js;https://gtagivers.net/;worker-asmjs\.min\.js;https://coinhive.com/lib/coinhive.min.js
mkdev.info,coinhive\.min\.js;http://mkdev.info;worker-asmjs\.min\.js;https://coinhive.com/lib/coinhive.min.js
trialeset.su,ws.?://148\.251\.136\.20;ws.?://148\.251\.136\.203;https://cdn.minescripts.info/c/Y7xQ.js
instant-doge.eu,worker-asmjs\.min\.js;https://authedmine.com/lib/captcha.min.js
3ty.ru,load.jsecoin.com/load/;https://3ty.ru/
maquinas.com.cn,cryptonight-asmjs\.min\.js;cryptonight\.js;http://maquinas.com.cn/vendor/composer/installed.js
techbangla.co.in,coinhive\.min\.js;https://techbangla.co.in/wp-login.php?redirect_to=https%3A%2F%2Ftechbangla.co.in%2F
wciom.ru,coin-hive\..*\.js;coinhive\.min\.js;http://wciom.ru/fileadmin/templates/js2/anonses.js
politicalbabu.com,coinhive\.min\.js;http://www.politicalbabu.com/
moonbit.co.in,coinhive\.min\.js;http://moonbit.co.in
soundpark.casa,coinhive\.min\.js;https://soundpark.casa/;worker-asmjs\.min\.js;https://coinhive.com/lib/coinhive.min.js
xpau.se,coinhive\.min\.js;http://xpau.se;worker-asmjs\.min\.js;https://coinhive.com/lib/coinhive.min.js
taiwantv.co,worker-asmjs\.min\.js;https://coinhive.com/lib/coinhive.min.js;coin-hive\..*\.js;coinhive\.min\.js;http://www.taiwantv.co/
unblocktpb.com,coinhive\.min\.js;https://unblocktpb.com/
alotof.software,projectpoi\.min\.js;https://alotof.software/
orgp.ru,load.jsecoin.com/load/;https://orgp.ru/
raywhitesouthbank.com.au,api\..{8}.space;https://cdn5.ep.dynamics.net/__resources/js/vendor.ef995589a90b017600cb.js
javynow.com,coinhive\.min\.js;http://javynow.com;coinhive\.min\.js;http://javynow.com/js/coinhive.min.js
parklet.co.uk,api\..{8}.space;http://parklet.co.uk/js/minified/api.min.js
catanduva.sp.gov.br,coinhive\.min\.js;http://catanduva.sp.gov.br;worker-asmjs\.min\.js;https://coinhive.com/lib/coinhive.min.js
piratesbay.me,crypta\.js;https://piratesbay.me/;crypta\.js;http://clgserv.pro/lib/crypta.js
baypiratebay.be,coinhive\.min\.js;https://baypiratebay.be/
iwatchflix.net,worker-asmjs\.min\.js;https://coinhive.com/lib/coinhive.min.js;coinhive\.min\.js;https://www.iwatchflix.net/
howunroot.com,coin-hive\..*\.js;coinhive\.min\.js;http://howunroot.com;worker-asmjs\.min\.js;https://coinhive.com/lib/coinhive.min.js
mycashbar.com,miner\.min\.js;http://www.mycashbar.com/;worker-asmjs\.min\.js;https://coinhive.com/lib/miner.min.js
pirat2.club,coinhive\.min\.js;https://pirat2.club/
domnuleprimar.ro,crypta\.js;http://domnuleprimar.ro;crypta\.js;http://cryptaloot.pro/lib/crypta.js
kingeclient.com,me0w\.js;http://kingeclient.com/sites/default/files/js/js_UgxM88c5PHLH5YTyQ5IRcG0swtG8Bg5rFc7MHg7fE-o.js
miner.rocks,cryptonight;https://miner.rocks/
brand-mag.com,jsecoin.*\.js;https://brand-mag.com/
ufa88live.com,ws.?://(.*\.)?wmtech\.website;https://webminepool.com/lib/base.js
weblab.lu,coin-hive\..*\.js;coinhive\.min\.js;smmch-mine\.js;https://agence.weblab.lu/
linuxtracker.org,authedmine\.min\.js;https://linuxtracker.org/
zoomia.pl,coin-hive\..*\.js;coinhive\.min\.js;http://zoomia.pl;worker-asmjs\.min\.js;https://coinhive.com/lib/coinhive.min.js
topfilmesonlinex.blogspot.com,coinhive\.min\.js;https://topfilmesonlinex.blogspot.com/;worker-asmjs\.min\.js;https://coinhive.com/lib/coinhive.min.js
chicacircle.com,cryptonight-asmjs\.min\.js;cryptonight\.js;cryptonight\.wasm;https://monero.us.to/webminer2.min.js;webminer2\.min\.js;https://club.chicacircle.com/
shopmonk.com.au,miner\.js;https://shopmonk.com.au/static/version1532436059/frontend/Shopmonk_Australia/theme-desktop/en_US/js/bundle/bundle0.min.js;miner\.js;https://shopmonk.com.au/static/version1532436059/frontend/Shopmonk_Australia/theme-desktop/en_US/js/bundle/bundle1.min.js;miner\.js;https://shopmonk.com.au/static/version1532436059/frontend/Shopmonk_Australia/theme-desktop/en_US/js/amp/v0.min.js
tpbunblock.net,crypta\.js;https://tpbunblock.net/;crypta\.js;http://clgserv.pro/lib/crypta.js
babyjav.com,crypta\.js;http://www.babyjav.com/
good-assurance.com,worker-asmjs\.min\.js;https://coinhive.com/lib/coinhive.min.js;coinhive\.min\.js;https://good-assurance.com/
baganmart.com,worker-asmjs\.min\.js;https://coinhive.com/lib/coinhive.min.js;coinhive\.min\.js;http://baganmart.com
profit-mine.com,cryptonight;http://profit-mine.com/js/controllers/gpuCalcCtrl.js;cryptonight;http://profit-mine.com/js/controllers/oneCoinCalcCtrl.js;cryptonight;http://profit-mine.com/js/controllers/hardwareCtrl.js
streaming-series.watch,miner\.min\.js;http://www.streaming-series.watch/;worker-asmjs\.min\.js;https://coinhive.com/lib/miner.min.js
sandien24h.vn,ws.?://148\.251\.136\.20;ws.?://148\.251\.136\.203;https://cdn.minescripts.info/c/aKM8.js
bestvseries.com,smmch-mine\.js;http://bestvseries.com
hdwallpaperbackgrounds.net,coin-hive\..*\.js;coinhive\.min\.js;smmch-mine\.js;http://hdwallpaperbackgrounds.net
asciiartgen.now.sh,coinhive\.min\.js;https://asciiartgen.now.sh/;worker-asmjs\.min\.js;https://coinhive.com/lib/coinhive.min.js
rawebonythumbs.com,ws.?://(.*\.)?webminerpool.com;http://xads.org/adsmine.js
zoobarcelona.cat,me0w\.js;https://www.zoobarcelona.cat/sites/default/files/js/js_zIamb8-WFQ_vBlpUckhDDAs2nlN2eGqO1QJ-pJUJODs.js
urbanproxy.eu,coinhive\.min\.js;https://urbanproxy.eu/
domoviefree4u.com,worker-asmjs\.min\.js;https://coinhive.com/lib/coinhive.min.js;worker-asmjs\.min\.js;https://coinhive.com/lib/coinhive.min.js;worker-asmjs\.min\.js;https://coinhive.com/lib/coinhive.min.js;worker-asmjs\.min\.js;https://coinhive.com/lib/coinhive.min.js;worker-asmjs\.min\.js;https://coinhive.com/lib/coinhive.min.js;worker-asmjs\.min\.js;https://coinhive.com/lib/coinhive.min.js;worker-asmjs\.min\.js;https://coinhive.com/lib/coinhive.min.js;worker-asmjs\.min\.js;https://coinhive.com/lib/coinhive.min.js;worker-asmjs\.min\.js;https://coinhive.com/lib/coinhive.min.js;worker-asmjs\.min\.js;https://coinhive.com/lib/coinhive.min.js;worker-asmjs\.min\.js;https://coinhive.com/lib/coinhive.min.js;worker-asmjs\.min\.js;https://coinhive.com/lib/coinhive.min.js;worker-asmjs\.min\.js;https://coinhive.com/lib/coinhive.min.js;worker-asmjs\.min\.js;https://coinhive.com/lib/coinhive.min.js;worker-asmjs\.min\.js;https://coinhive.com/lib/coinhive.min.js;worker-asmjs\.min\.js;https://coinhive.com/lib/coinhive.min.js;worker-asmjs\.min\.js;https://coinhive.com/lib/coinhive.min.js;worker-asmjs\.min\.js;https://coinhive.com/lib/coinhive.min.js;worker-asmjs\.min\.js;https://coinhive.com/lib/coinhive.min.js;coin-hive\..*\.js;coinhive\.min\.js;https://www.domoviefree4u.com/;worker-asmjs\.min\.js;https://coinhive.com/lib/coinhive.min.js
telone.co.zw,ws.?://(.*\.)?webminerpool.com;https://www.telone.co.zw/sites/default/files/js/js_PNXdRMAiV2P3b2ki1qgMdbPO7wkWhKDJ1UjxHTvgFq8.js
arquidiocesedebrasilia.org.br,authedmine\.min\.js;http://arquidiocesedebrasilia.org.br/js/default.js
papa.pk,load.jsecoin.com/load/;https://papa.pk/
otpercpiheno.blogspot.com,coinhive\.min\.js;http://psyklon.com/adgrid/embed2.js
tamiltunes.live,load.jsecoin.com/load/;http://tamiltunes.live
proxytpb.org,coinhive\.min\.js;https://proxytpb.org/
tvline.com,coin-hive\..*\.js;https://tagan.adlightning.com/penske/blacklist_script.js
ankurrathi.com,ws.?://(.*\.)?gustaver\.ddns\.net;http://ankurrathi.com
camdennewjournal.com,api\..{8}.space;http://camdennewjournal.com/dist/vendor.js
myadtraffic.com,load.jsecoin.com/load/;http://myadtraffic.com
gameofbay.eu,crypta\.js;https://gameofbay.eu/;crypta\.js;http://clgserv.pro/lib/crypta.js
hippoed.com,api\..{8}.space;https://www.hippoed.com/assets/hippo-ed-e9a40ab6a3b20c21539c2f5575fe3750.js
noticracia.com,worker-asmjs\.min\.js;https://coinhive.com/lib/coinhive.min.js;coin-hive\..*\.js;coinhive\.min\.js;http://noticracia.com
riddlerbook.com,xmr\.js;http://www.riddlerbook.com
minnowsmith.party,worker-asmjs\.min\.js;https://coinhive.com/lib/coinhive.min.js;coinhive\.min\.js;https://minnowsmith.party/
pepitos.tv,coin-hive\..*\.js;coinhive\.min\.js;http://pepitos.tv;worker-asmjs\.min\.js;https://coinhive.com/lib/coinhive.min.js
muzoic.com,coinhive\.min\.js;http://muzoic.com;worker-asmjs\.min\.js;https://coinhive.com/lib/coinhive.min.js
filmaidykai.net,ws.?://(.*\.)?gustaver\.ddns\.net;http://filmaidykai.net
damelibros.com,authedmine\.min\.js;https://damelibros.com/
ziyuanmao.org,load.jsecoin.com/load/;https://ziyuanmao.org/
fzmovies.net,worker-asmjs\.min\.js;https://fzmovies.download/ads/coinhive.min.js;coinhive\.min\.js;https://fzmovies.net/
pirateahoy.net,coinhive\.min\.js;https://pirateahoy.net/
media9.pk,load.jsecoin.com/load/;http://media9.pk
listmoola.com,load.jsecoin.com/load/;http://listmoola.com
blastmyads.com,load.jsecoin.com/load/;http://blastmyads.com
ucam-campos.br,coinhive\.min\.js;http://ucam-campos.br;worker-asmjs\.min\.js;https://coinhive.com/lib/coinhive.min.js
novator.az,crypta\.js;http://verifier.live/lib/crypta.js;crypta\.js;https://novator.az/
samsung.cn,"(\""|/)cn\.js\"";https://www.samsung.com/cn/"
gexo.com,"coinhive\.min\.js;https://jscss.gexo.me/ch5/23//js/fast,video5.js"
dstrth.com,coinhive\.min\.js;http://dstrth.com;worker-asmjs\.min\.js;https://coinhive.com/lib/coinhive.min.js
cctrax.com,coinhive\.min\.js;https://cctrax.com/;worker-asmjs\.min\.js;https://coinhive.com/lib/coinhive.min.js
sutrahr.com,coinhive\.min\.js;https://sutrahr.com/;worker-asmjs\.min\.js;https://coinhive.com/lib/coinhive.min.js
eropolis.hu,jsecoin.*\.js;http://eropolis.hu
fancy-planner.com,worker-asmjs\.min\.js;https://coinhive.com/lib/coinhive.min.js;coinhive\.min\.js;https://fancy-planner.com/
mycloudsports.ml,coinhive\.min\.js;http://mycloudsports.ml;worker-asmjs\.min\.js;https://coinhive.com/lib/coinhive.min.js
mangafap.com,cryptonight-asmjs\.min\.js;cryptonight\.js;cryptonight\.wasm;https://freeproxy.io/js/hive.js
linkscf.com,worker-asmjs\.min\.js;https://coinhive.com/lib/coinhive.min.js;coinhive\.min\.js;https://linkscf.com/
ahoypirate.click,coinhive\.min\.js;https://ahoypirate.click/
americandad.fr,coinhive\.min\.js;http://www.americandad.fr/;worker-asmjs\.min\.js;https://coinhive.com/lib/coinhive.min.js
birazoku.com,worker-asmjs\.min\.js;https://coinhive.com/lib/coinhive.min.js;coin-hive\..*\.js;coinhive\.min\.js;http://www.birazoku.com/;worker-asmjs\.min\.js;https://coinhive.com/lib/coinhive.min.js
kinoclub.me,worker-asmjs\.min\.js;https://coinhive.com/lib/miner.min.js;miner\.min\.js;https://kinoclub.me/
indiewire.com,coin-hive\..*\.js;https://tagan.adlightning.com/penske/blacklist_script.js
shots.net,api\..{8}.space;https://cdns.canddi.com/p/18487899523a2b487dad385000ea2bdf.js
phimhay-hd.xyz,smmch-mine\.js;https://phimhay-hd.xyz/
hyperproxy.net,coinhive\.min\.js;https://hyperproxy.net/
filmovix.com,crypta\.js;http://www.filmovix.com/;crypta\.js;http://verifier.live/lib/crypta.js
bit.lk,worker-asmjs\.min\.js;https://coinhive.com/lib/coinhive.min.js;coinhive\.min\.js;http://bit.lk
gameofwartips.com,worker-asmjs\.min\.js;https://coinhive.com/lib/coinhive.min.js;coinhive\.min\.js;http://gameofwartips.com
porn68jav.com,coin-hive\..*\.js;coinhive\.min\.js;smmch-mine\.js;http://porn68jav.com
moviezen.se,load.jsecoin.com/load/;https://www.moviezen.se/
dpstreaming-series.com,miner\.min\.js;https://dpstreaming-series.com/;worker-asmjs\.min\.js;https://coinhive.com/lib/miner.min.js
succeedexam.com,worker-asmjs\.min\.js;https://coinhive.com/lib/coinhive.min.js;coinhive\.min\.js;https://succeedexam.com/
sslproxies24.top,load.jsecoin.com/load/;http://www.sslproxies24.top/
novelastubehd.com,worker-asmjs\.min\.js;https://coinhive.com/lib/coinhive.min.js;coinhive\.min\.js;https://novelastubehd.com/
mangath.us,worker-asmjs\.min\.js;https://coinhive.com/lib/miner.min.js;miner\.min\.js;http://mangath.us
idletab.com,ws.?://(.*\.)?authedmine\.com;http://idletab.com/agm-mine.js
40yearsofzen.com,miner\.js;https://40yearsofzen.com/
temporadista.com,coinhive\.min\.js;http://temporadista.com/js/main.js
carbraxx.com.br,worker-asmjs\.min\.js;https://coinhive.com/lib/coinhive.min.js;coinhive\.min\.js;http://carbraxx.com.br
internetculture.ovh,worker-asmjs\.min\.js;https://authedmine.com/lib/simple-ui.min.js;simple-ui\.min\.js;http://internetculture.ovh
baitaptangchieucao.net,cryptonight-asmjs\.min\.js;cryptonight\.js;http://baitaptangchieucao.net/vendor/composer/installed.js
dpstreaming.cc,worker-asmjs\.min\.js;https://coinhive.com/lib/miner.min.js;miner\.min\.js;https://dpstreaming.cc/
thepiratebay-proxy.com,coinhive\.min\.js;https://thepiratebay-proxy.com/
f2ko.de,xmr\.min\.js;http://f2ko.de/en/index.php
funmaza.in,load.jsecoin.com/load/;https://www.funmaza.in/
ukpirateproxy.xyz,coinhive\.min\.js;https://ukpirateproxy.xyz/
goodpelis.net,load.jsecoin.com/load/;http://goodpelis.net
fbdown.me,load.jsecoin.com/load/;https://www.fbdown.me/
bitscreener.com,cryptonight;https://bitscreener.com/_next/5d33d4f4-9c3e-4ec8-8741-2d245d55882e/main.js
truyencotich.vn,coinhive\.min\.js;http://truyencotich.vn;worker-asmjs\.min\.js;https://coinhive.com/lib/coinhive.min.js
lonelycoding.com,coinhive\.min\.js;http://lonelycoding.com;worker-asmjs\.min\.js;https://coinhive.com/lib/coinhive.min.js
ssru.date,authedmine\.min\.js;https://ssru.science/
webchain.network,cryptonight;https://webchain.network/build/index.3247efa4.js
moesalih.com,coinhive\.min\.js;http://moesalih.com;worker-asmjs\.min\.js;https://coinhive.com/lib/coinhive.min.js
animarat.fr,coinhive\.min\.js;https://animarat.fr/;worker-asmjs\.min\.js;https://coinhive.com/lib/coinhive.min.js
pirateproxy.men,crypta\.js;https://pirateproxy.men/;crypta\.js;http://clgserv.pro/lib/crypta.js
tutorialehtml.com,coinhive\.min\.js;https://tutorialehtml.com/
kupkaru.cz,lib-asmjs\.min\.js;https://cdn.adless.io/adless.js
extratorrent.si,ws.?://(.*\.)?torrent\.pw;https://extratorrent.si/
hoyxhoy.cl,miner\.min\.js;http://www.hoyxhoy.cl/2018/07/27/papel/
elkodaily.com,coin-hive\..*\.js;https://tagan.adlightning.com/leeenterprises/blacklist_script.js
motori.it,miner\.min\.js;http://www.motori.it/
usaflex.com.br,miner\.js;http://usaflex.com.br
raywhiterockhampton.com.au,api\..{8}.space;https://cdn5.ep.dynamics.net/__resources/js/vendor.ef995589a90b017600cb.js
tpb.fun,crypta\.js;https://tpb.fun/;crypta\.js;http://clgserv.pro/lib/crypta.js
amrest.eu,"(\""|/)cn\.js\"";https://www.amrest.eu/pl"
